ATIVO;CLASSE;TIPO;VALOR;QTDCOTA;VALOR/COTA;DATA PGTO;MÊS;ANO;STATUS
MXRF11;FII;Dividendos;R$ 1,76;270;R$ 0,01;15/09/2022;SET;2022;PAGO
MXRF11;FII;Dividendos;R$ 2,20;270;R$ 0,01;17/10/2022;OUT;2022;PAGO
MXRF11;FII;Dividendos;R$ 10,10;270;R$ 0,04;16/11/2022;NOV;2022;PAGO
MXRF11;FII;Dividendos;R$ 8,16;270;R$ 0,03;14/12/2022;DEZ;2022;PAGO
MXRF11;FII;Dividendos;R$ 11,30;270;R$ 0,04;13/01/2023;JAN;2023;PAGO
MXRF11;FII;Dividendos;R$ 12,43;270;R$ 0,05;14/02/2023;FEV;2023;PAGO
MXRF11;FII;Dividendos;R$ 14,40;270;R$ 0,05;14/03/2023;MAR;2023;PAGO
MXRF11;FII;Dividendos;R$ 18,00;270;R$ 0,07;17/04/2023;ABR;2023;PAGO
HGLG11;FII;Dividendos;R$ 11,00;10;R$ 1,10;14/03/2023;MAR;2023;PAGO
HGLG11;FII;Dividendos;R$ 11,00;10;R$ 1,10;17/04/2023;ABR;2023;PAGO
KNRI11;FII;Dividendos;R$ 1,90;10;R$ 0,19;14/03/2023;MAR;2023;PAGO
KNRI11;FII;Dividendos;R$ 6,65;10;R$ 0,67;17/04/2023;ABR;2023;PAGO
XPLG11;FII;Dividendos;R$ 7,40;11;R$ 0,67;17/04/2023;ABR;2023;PAGO
XPLG11;FII;Dividendos;R$ 7,40;11;R$ 0,67;14/03/2023;MAR;2023;PAGO
HSML11;FII;Dividendos;R$ 7,40;15;R$ 0,49;07/03/2023;MAR;2023;PAGO
HSML11;FII;Dividendos;R$ 7,40;15;R$ 0,49;10/04/2023;ABR;2023;PAGO
IRDM11;FII;Dividendos;R$ 9,48;15;R$ 0,63;16/02/2023;FEV;2023;PAGO
IRDM11;FII;Dividendos;R$ 9,28;15;R$ 0,62;16/03/2023;MAR;2023;PAGO
IRDM11;FII;Dividendos;R$ 9,11;15;R$ 0,61;19/04/2023;ABR;2023;PAGO
JSRE11;FII;Dividendos;R$ 0,49;10;R$ 0,05;14/02/2023;FEV;2023;PAGO
JSRE11;FII;Dividendos;R$ 2,76;10;R$ 0,28;14/03/2023;MAR;2023;PAGO
JSRE11;FII;Dividendos;R$ 4,60;10;R$ 0,46;17/04/2023;ABR;2023;PAGO
ALZR11;FII;Dividendos;R$ 1,61;123;R$ 0,01;24/02/2023;FEV;2023;PAGO
ALZR11;FII;Dividendos;R$ 4,08;123;R$ 0,03;24/03/2023;MAR;2023;PAGO
ALZR11;FII;Dividendos;R$ 4,08;123;R$ 0,03;25/04/2023;ABR;2023;PAGO
BRCR11;FII;Dividendos;R$ 4,60;10;R$ 0,46;17/04/2023;ABR;2023;PAGO
MALL11;FII;Dividendos;R$ 1,56;10;R$ 0,16;14/03/2023;MAR;2023;PAGO
MALL11;FII;Dividendos;R$ 3,90;10;R$ 0,39;17/04/2023;ABR;2023;PAGO
XPML11;FII;Dividendos;R$ 4,00;18;R$ 0,22;25/04/2023;ABR;2023;PAGO
XPML11;FII;Dividendos;R$ 3,90;18;R$ 0,22;24/03/2023;MAR;2023;PAGO
KNCR11;FII;Dividendos;R$ 6,10;12;R$ 0,51;14/04/2023;ABR;2023;PAGO
BTLG11;FII;Dividendos;R$ 1,48;10;R$ 0,15;24/02/2023;FEV;2023;PAGO
BTLG11;FII;Dividendos;R$ 3,70;10;R$ 0,37;24/03/2023;MAR;2023;PAGO
BTLG11;FII;Dividendos;R$ 3,70;10;R$ 0,37;25/04/2023;ABR;2023;PAGO
VINO11;FII;Dividendos;R$ 3,10;61;R$ 0,05;17/04/2023;ABR;2023;PAGO
RECR11;FII;Dividendos;R$ 6,28;10;R$ 0,63;17/04/2023;ABR;2023;PAGO
RECT11;FII;Dividendos;R$ 2,70;10;R$ 0,27;17/04/2023;ABR;2023;PAGO
VSLH11;FII;Dividendos;R$ 5,50;56;R$ 0,10;14/02/2023;FEV;2023;PAGO
VSLH11;FII;Dividendos;R$ 3,00;56;R$ 0,05;14/03/2023;MAR;2023;PAGO
VSLH11;FII;Dividendos;R$ 1,50;56;R$ 0,03;17/04/2023;ABR;2023;PAGO
KDIF11;FII-Infra;Dividendos;R$ 7,25;11;R$ 0,66;10/04/2023;ABR;2023;PAGO
JURO11;FII-Infra;Dividendos;R$ 1,25;10;R$ 0,13;17/04/2023;ABR;2023;PAGO
BODB11;FII-Infra;Dividendos;R$ 0,31;301;R$ 0,00;07/03/2023;MAR;2023;PAGO
BODB11;FII-Infra;Dividendos;R$ 0,67;301;R$ 0,00;03/04/2023;ABR;2023;PAGO
BODB11;FII-Infra;Dividendos;R$ 2,31;301;R$ 0,01;10/04/2023;ABR;2023;PAGO
CMIG4;Ação;JCP;R$ 2,87;210;R$ 0,01;30/06/2024;6;2024;PAGO
CMIG4;Ação;JCP;R$ 2,87;210;R$ 0,01;30/12/2024;12;2024;PAGO
ITSA4;Ação;JCP;R$ 0,66;35;R$ 0,02;25/08/2023;8;2023;PAGO
SANB4;Ação;JCP;R$ 1,79;50;R$ 0,04;15/05/2023;5;2023;PAGO
CXSE3;Ação;Dividendos;R$ 5,10;126;R$ 0,04;08/05/2023;5;2023;PAGO
UNIP3;Ação;Dividendos;R$ 1,74;1;R$ 1,74;04/05/2023;5;2023;PAGO
HSML11;FII;Dividendos;R$ 7,40;15;R$ 0,49;08/05/2023;MAI;2023;PAGO
TVRI11;FII;Dividendos;R$ 1,80;10;R$ 0,18;15/05/2023;MAI;2023;PAGO
HGLG11;FII;Dividendos;R$ 11,00;10;R$ 1,10;15/05/2023;MAI;2023;PAGO
MALL11;FII;Dividendos;R$ 3,90;10;R$ 0,39;15/05/2023;MAI;2023;PAGO
JSRE11;FII;Dividendos;R$ 4,60;10;R$ 0,46;15/05/2023;MAI;2023;PAGO
XPLG11;FII;Dividendos;R$ 7,40;11;R$ 0,67;15/05/2023;MAI;2023;PAGO
VINO11;FII;Dividendos;R$ 3,10;61;R$ 0,05;15/05/2023;MAI;2023;PAGO
KNRI11;FII;Dividendos;R$ 6,65;10;R$ 0,67;15/05/2023;MAI;2023;PAGO
KNCR11;FII;Dividendos;R$ 5,00;12;R$ 0,42;12/05/2023;MAI;2023;PAGO
MXRF11;FII;Dividendos;R$ 18,00;270;R$ 0,07;15/05/2023;MAI;2023;PAGO
KDIF11;FII-Infra;Dividendos;R$ 6,00;11;R$ 0,55;08/05/2023;MAI;2023;PAGO
BODB11;FII-Infra;Dividendos;R$ 4,65;301;R$ 0,02;08/05/2023;MAI;2023;PAGO
JURO11;FII-Infra;Dividendos;R$ 3,75;10;R$ 0,38;15/05/2023;MAI;2023;PAGO
CMIG4;Ação;Dividendos;R$ 1,97;210;R$ 0,01;30/06/2023;6;2023;PAGO
CMIG4;Ação;Dividendos;R$ 1,97;210;R$ 0,01;28/12/2023;12;2023;PAGO
VSLH11;FII;Dividendos;R$ 1,50;56;R$ 0,03;15/05/2023;MAI;2023;PAGO
RECT11;FII;Dividendos;R$ 2,70;10;R$ 0,27;15/05/2023;MAI;2023;PAGO
BRCR11;FII;Dividendos;R$ 4,50;10;R$ 0,45;15/05/2023;MAI;2023;PAGO
RECR11;FII;Dividendos;R$ 5,03;10;R$ 0,50;15/05/2023;MAI;2023;PAGO
KLBN11;Ação;Dividendos;R$ 7,05;33;R$ 0,21;16/05/2023;5;2023;PAGO
CSAN3;Ação;Dividendos;R$ 8,57;30;R$ 0,29;31/05/2023;5;2023;PAGO
IRDM11;FII;Dividendos;R$ 9,12;15;R$ 0,61;17/05/2023;MAI;2023;PAGO
GGBR4;Ação;JCP;R$ 3,78;48;R$ 0,08;29/05/2023;5;2023;PAGO
BTLG11;FII;Dividendos;R$ 3,70;10;R$ 0,37;25/05/2023;MAI;2023;PAGO
XPML11;FII;Dividendos;R$ 4,05;18;R$ 0,23;25/05/2023;MAI;2023;PAGO
ALZR11;FII;Dividendos;R$ 4,07;123;R$ 0,03;25/05/2023;MAI;2023;PAGO
TVRI11;FII;Dividendos;R$ 1,80;10;R$ 0,18;15/06/2023;JUN;2023;PAGO
JURO11;FII-Infra;Dividendos;R$ 6,25;10;R$ 0,63;15/06/2023;JUN;2023;PAGO
MXRF11;FII;Dividendos;R$ 18,00;270;R$ 0,07;15/06/2023;JUN;2023;PAGO
VINO11;FII;Dividendos;R$ 3,10;61;R$ 0,05;15/06/2023;JUN;2023;PAGO
JSRE11;FII;Dividendos;R$ 4,60;10;R$ 0,46;15/06/2023;JUN;2023;PAGO
KNRI11;FII;Dividendos;R$ 6,65;10;R$ 0,67;15/06/2023;JUN;2023;PAGO
KNCR11;FII;Dividendos;R$ 6,20;12;R$ 0,52;14/06/2023;JUN;2023;PAGO
XPLG11;FII;Dividendos;R$ 7,50;11;R$ 0,68;15/06/2023;JUN;2023;PAGO
KDIF11;FII-Infra;Dividendos;R$ 6,00;11;R$ 0,55;07/06/2023;JUN;2023;PAGO
MALL11;FII;Dividendos;R$ 3,90;10;R$ 0,39;15/06/2023;JUN;2023;PAGO
HSML11;FII;Dividendos;R$ 7,40;15;R$ 0,49;07/06/2023;JUN;2023;PAGO
BODB11;FII-Infra;Dividendos;R$ 16,80;301;R$ 0,06;07/06/2023;JUN;2023;PAGO
HGLG11;FII;Dividendos;R$ 11,00;10;R$ 1,10;15/06/2023;JUN;2023;PAGO
ITSA4;Ação;JCP;R$ 0,66;35;R$ 0,02;03/07/2023;7;2023;PAGO
BBAS3;Ação;Dividendos;R$ 0,12;123;R$ 0,00;12/06/2023;6;2023;PAGO
BBAS3;Ação;JCP;R$ 0,56;123;R$ 0,00;12/06/2023;6;2023;PAGO
BODB11;FII-Infra;Dividendos;R$ 1,76;301;R$ 0,01;13/06/2023;JUN;2023;PAGO
RECR11;FII;Dividendos;R$ 6,13;10;R$ 0,61;15/06/2023;JUN;2023;PAGO
BRCR11;FII;Dividendos;R$ 4,50;10;R$ 0,45;15/06/2023;JUN;2023;PAGO
VSLH11;FII;Dividendos;R$ 1,50;56;R$ 0,03;15/06/2023;JUN;2023;PAGO
RECT11;FII;Dividendos;R$ 2,00;10;R$ 0,20;15/06/2023;JUN;2023;PAGO
IRDM11;FII;Dividendos;R$ 8,67;15;R$ 0,58;19/06/2023;JUN;2023;PAGO
CMIG4;Ação;JCP;R$ 2,97;210;R$ 0,01;30/06/2023;6;2023;PAGO
VGIR11;FII;Dividendos;R$ 1,44;273;R$ 0,01;20/06/2023;JUN;2023;PAGO
BBAS3;Ação;JCP;R$ 0,29;123;R$ 0,00;30/06/2023;6;2023;PAGO
BTLG11;FII;Dividendos;R$ 3,70;10;R$ 0,37;23/06/2023;JUN;2023;PAGO
ALZR11;FII;Dividendos;R$ 4,08;123;R$ 0,03;23/06/2023;JUN;2023;PAGO
XPML11;FII;Dividendos;R$ 4,05;18;R$ 0,23;23/06/2023;JUN;2023;PAGO
CSMG3;Ação;JCP;R$ 0,57;2;R$ 0,29;14/08/2023;8;2023;PAGO
TVRI11;FII;Dividendos;R$ 3,60;10;R$ 0,36;14/07/2023;JUL;2023;PAGO
MXRF11;FII;Dividendos;R$ 18,00;270;R$ 0,07;14/07/2023;JUL;2023;PAGO
HGLG11;FII;Dividendos;R$ 15,00;10;R$ 1,50;14/07/2023;JUL;2023;PAGO
MALL11;FII;Dividendos;R$ 4,00;10;R$ 0,40;14/07/2023;JUL;2023;PAGO
VINO11;FII;Dividendos;R$ 3,10;61;R$ 0,05;14/07/2023;JUL;2023;PAGO
JURO11;FII-Infra;Dividendos;R$ 10,00;10;R$ 1,00;14/07/2023;JUL;2023;PAGO
XPLG11;FII;Dividendos;R$ 8,69;11;R$ 0,79;14/07/2023;JUL;2023;PAGO
KNRI11;FII;Dividendos;R$ 10,57;10;R$ 1,06;14/07/2023;JUL;2023;PAGO
BODB11;FII-Infra;Dividendos;R$ 10,43;301;R$ 0,03;07/07/2023;JUL;2023;PAGO
KNCR11;FII;Dividendos;R$ 13,80;12;R$ 1,15;13/07/2023;JUL;2023;PAGO
KDIF11;FII-Infra;Dividendos;R$ 8,00;11;R$ 0,73;07/07/2023;JUL;2023;PAGO
JSRE11;FII;Dividendos;R$ 4,60;10;R$ 0,46;14/07/2023;JUL;2023;PAGO
HSML11;FII;Dividendos;R$ 7,40;15;R$ 0,49;07/07/2023;JUL;2023;PAGO
VSLH11;FII;Dividendos;R$ 1,50;56;R$ 0,03;14/07/2023;JUL;2023;PAGO
BRCR11;FII;Dividendos;R$ 4,50;10;R$ 0,45;14/07/2023;JUL;2023;PAGO
RECR11;FII;Dividendos;R$ 4,53;10;R$ 0,45;14/07/2023;JUL;2023;PAGO
RECT11;FII;Dividendos;R$ 2,00;10;R$ 0,20;14/07/2023;JUL;2023;PAGO
CMIG4;Ação;JCP;R$ 4,94;210;R$ 0,02;30/06/2024;6;2024;PAGO
CMIG4;Ação;JCP;R$ 4,94;210;R$ 0,02;30/12/2024;12;2024;PAGO
ITSA4;Ação;JCP;R$ 3,21;35;R$ 0,09;25/08/2023;8;2023;PAGO
IRDM11;FII;Dividendos;R$ 10,49;15;R$ 0,70;18/07/2023;JUL;2023;PAGO
VGIR11;FII;Dividendos;R$ 4,42;273;R$ 0,02;19/07/2023;JUL;2023;PAGO
BTLG11;FII;Dividendos;R$ 6,08;10;R$ 0,61;25/07/2023;JUL;2023;PAGO
XPML11;FII;Dividendos;R$ 4,15;18;R$ 0,23;25/07/2023;JUL;2023;PAGO
ALZR11;FII;Dividendos;R$ 5,78;123;R$ 0,05;25/07/2023;JUL;2023;PAGO
SANB4;Ação;JCP;R$ 5,39;50;R$ 0,11;16/08/2023;8;2023;PAGO
MALL11;FII;Dividendos;R$ 4,00;10;R$ 0,40;14/08/2023;AGO;2023;PAGO
MXRF11;FII;Dividendos;R$ 18,05;270;R$ 0,07;14/08/2023;AGO;2023;PAGO
BODB11;FII-Infra;Dividendos;R$ 13,99;301;R$ 0,05;07/08/2023;AGO;2023;PAGO
KNCR11;FII;Dividendos;R$ 13,80;12;R$ 1,15;14/08/2023;AGO;2023;PAGO
HSML11;FII;Dividendos;R$ 7,40;15;R$ 0,49;07/08/2023;AGO;2023;PAGO
KNRI11;FII;Dividendos;R$ 6,65;10;R$ 0,67;14/08/2023;AGO;2023;PAGO
HGLG11;FII;Dividendos;R$ 11,00;10;R$ 1,10;14/08/2023;AGO;2023;PAGO
JSRE11;FII;Dividendos;R$ 4,60;10;R$ 0,46;14/08/2023;AGO;2023;PAGO
KDIF11;FII-Infra;Dividendos;R$ 8,00;11;R$ 0,73;07/08/2023;AGO;2023;PAGO
XPLG11;FII;Dividendos;R$ 8,58;11;R$ 0,78;14/08/2023;AGO;2023;PAGO
TVRI11;FII;Dividendos;R$ 3,60;10;R$ 0,36;14/08/2023;AGO;2023;PAGO
VINO11;FII;Dividendos;R$ 3,10;61;R$ 0,05;14/08/2023;AGO;2023;PAGO
JURO11;FII-Infra;Dividendos;R$ 12,00;10;R$ 1,20;14/08/2023;AGO;2023;PAGO
VSLH11;FII;Dividendos;R$ 1,50;56;R$ 0,03;14/08/2023;AGO;2023;PAGO
RECR11;FII;Dividendos;R$ 5,70;10;R$ 0,57;14/08/2023;AGO;2023;PAGO
RECT11;FII;Dividendos;R$ 2,00;10;R$ 0,20;14/08/2023;AGO;2023;PAGO
BRCR11;FII;Dividendos;R$ 4,50;10;R$ 0,45;14/08/2023;AGO;2023;PAGO
KLBN11;Ação;Dividendos;R$ 7,31;33;R$ 0,22;15/08/2023;8;2023;PAGO
TAEE11;Ação;Dividendos;R$ 0,75;53;R$ 0,01;29/08/2023;8;2023;PAGO
IRDM11;FII;Dividendos;R$ 9,70;15;R$ 0,65;16/08/2023;AGO;2023;PAGO
TAEE11;Ação;Dividendos;R$ 3,94;53;R$ 0,07;29/08/2023;8;2023;PAGO
TAEE11;Ação;JCP;R$ 7,47;53;R$ 0,14;29/08/2023;8;2023;PAGO
VGIR11;FII;Dividendos;R$ 5,52;273;R$ 0,02;17/08/2023;AGO;2023;PAGO
BBSE3;Ação;Dividendos;R$ 48,22;70;R$ 0,69;28/08/2023;8;2023;PAGO
BTLG11;FII;Dividendos;R$ 6,84;10;R$ 0,68;25/08/2023;AGO;2023;PAGO
XPML11;FII;Dividendos;R$ 4,20;18;R$ 0,23;25/08/2023;AGO;2023;PAGO
ALZR11;FII;Dividendos;R$ 5,77;123;R$ 0,05;25/08/2023;AGO;2023;PAGO
ITSA4;Ação;JCP;R$ 0,66;35;R$ 0,02;02/10/2023;10;2023;PAGO
GGBR4;Ação;Dividendos;R$ 4,30;48;R$ 0,09;29/08/2023;8;2023;PAGO
UGPA3;Ação;Dividendos;R$ 1,25;5;R$ 0,25;25/08/2023;8;2023;PAGO
BBAS3;Ação;Dividendos;R$ 0,14;123;R$ 0,00;30/08/2023;8;2023;PAGO
BBAS3;Ação;JCP;R$ 0,56;123;R$ 0,00;30/08/2023;8;2023;PAGO
BODB11;FII-Infra;Dividendos;R$ 16,17;301;R$ 0,05;08/09/2023;SET;2023;PAGO
HSML11;FII;Dividendos;R$ 7,40;15;R$ 0,49;08/09/2023;SET;2023;PAGO
KDIF11;FII-Infra;Dividendos;R$ 8,00;11;R$ 0,73;08/09/2023;SET;2023;PAGO
KNCR11;FII;Dividendos;R$ 14,40;12;R$ 1,20;14/09/2023;SET;2023;PAGO
HGLG11;FII;Dividendos;R$ 11,00;10;R$ 1,10;15/09/2023;SET;2023;PAGO
JURO11;FII-Infra;Dividendos;R$ 14,00;10;R$ 1,40;15/09/2023;SET;2023;PAGO
MXRF11;FII;Dividendos;R$ 16,61;270;R$ 0,06;15/09/2023;SET;2023;PAGO
VINO11;FII;Dividendos;R$ 3,00;61;R$ 0,05;15/09/2023;SET;2023;PAGO
JSRE11;FII;Dividendos;R$ 4,60;10;R$ 0,46;15/09/2023;SET;2023;PAGO
TVRI11;FII;Dividendos;R$ 3,60;10;R$ 0,36;15/09/2023;SET;2023;PAGO
XPLG11;FII;Dividendos;R$ 8,58;11;R$ 0,78;15/09/2023;SET;2023;PAGO
MALL11;FII;Dividendos;R$ 4,25;10;R$ 0,43;15/09/2023;SET;2023;PAGO
KNRI11;FII;Dividendos;R$ 6,65;10;R$ 0,67;15/09/2023;SET;2023;PAGO
BBAS3;Ação;JCP;R$ 0,29;123;R$ 0,00;29/09/2023;9;2023;PAGO
VSLH11;FII;Dividendos;R$ 1,50;56;R$ 0,03;15/09/2023;SET;2023;PAGO
RECT11;FII;Dividendos;R$ 2,00;10;R$ 0,20;15/09/2023;SET;2023;PAGO
RECR11;FII;Dividendos;R$ 4,77;10;R$ 0,48;15/09/2023;SET;2023;PAGO
BRCR11;FII;Dividendos;R$ 4,10;10;R$ 0,41;15/09/2023;SET;2023;PAGO
IRDM11;FII;Dividendos;R$ 8,87;15;R$ 0,59;19/09/2023;SET;2023;PAGO
VGIR11;FII;Dividendos;R$ 6,50;273;R$ 0,02;20/09/2023;SET;2023;PAGO
BDIF11;FII-Infra;Dividendos;R$ 4,05;13;R$ 0,31;22/09/2023;SET;2023;PAGO
BTLG11;FII;Dividendos;R$ 6,84;10;R$ 0,68;25/09/2023;SET;2023;PAGO
ALZR11;FII;Dividendos;R$ 5,77;123;R$ 0,05;25/09/2023;SET;2023;PAGO
XPML11;FII;Dividendos;R$ 4,25;18;R$ 0,24;25/09/2023;SET;2023;PAGO
CSMG3;Ação;JCP;R$ 0,57;2;R$ 0,29;14/11/2023;11;2023;PAGO
CMIG4;Ação;JCP;R$ 6,05;210;R$ 0,03;30/06/2024;6;2024;PAGO
CMIG4;Ação;JCP;R$ 6,05;210;R$ 0,03;30/12/2024;12;2024;PAGO
BODB11;FII-Infra;Dividendos;R$ 18,24;301;R$ 0,06;06/10/2023;OUT;2023;PAGO
KDIF11;FII-Infra;Dividendos;R$ 8,00;11;R$ 0,73;06/10/2023;OUT;2023;PAGO
HSML11;FII;Dividendos;R$ 7,40;15;R$ 0,49;06/10/2023;OUT;2023;PAGO
KNCR11;FII;Dividendos;R$ 13,20;12;R$ 1,10;13/10/2023;OUT;2023;PAGO
HGLG11;FII;Dividendos;R$ 11,00;10;R$ 1,10;16/10/2023;OUT;2023;PAGO
JSRE11;FII;Dividendos;R$ 4,60;10;R$ 0,46;16/10/2023;OUT;2023;PAGO
VINO11;FII;Dividendos;R$ 3,00;61;R$ 0,05;16/10/2023;OUT;2023;PAGO
MALL11;FII;Dividendos;R$ 4,25;10;R$ 0,43;16/10/2023;OUT;2023;PAGO
JURO11;FII-Infra;Dividendos;R$ 13,50;10;R$ 1,35;16/10/2023;OUT;2023;PAGO
KNRI11;FII;Dividendos;R$ 7,00;10;R$ 0,70;16/10/2023;OUT;2023;PAGO
XPLG11;FII;Dividendos;R$ 8,50;11;R$ 0,77;16/10/2023;OUT;2023;PAGO
MXRF11;FII;Dividendos;R$ 16,61;270;R$ 0,06;16/10/2023;OUT;2023;PAGO
TVRI11;FII;Dividendos;R$ 3,60;10;R$ 0,36;16/10/2023;OUT;2023;PAGO
CPLE11;Ação;JCP;R$ 0,67;0;#DIV/0!;30/11/2023;11;2023;PAGO
RECT11;FII;Dividendos;R$ 2,00;10;R$ 0,20;16/10/2023;OUT;2023;PAGO
BRCR11;FII;Dividendos;R$ 4,10;10;R$ 0,41;16/10/2023;OUT;2023;PAGO
VSLH11;FII;Dividendos;R$ 1,50;56;R$ 0,03;16/10/2023;OUT;2023;PAGO
RECR11;FII;Dividendos;R$ 5,99;10;R$ 0,60;16/10/2023;OUT;2023;PAGO
IRDM11;FII;Dividendos;R$ 9,60;15;R$ 0,64;18/10/2023;OUT;2023;PAGO
VGIR11;FII;Dividendos;R$ 6,36;273;R$ 0,02;19/10/2023;OUT;2023;PAGO
BTLG11;FII;Dividendos;R$ 6,84;10;R$ 0,68;25/10/2023;OUT;2023;PAGO
BDIF11;FII-Infra;Dividendos;R$ 6,75;13;R$ 0,52;23/10/2023;OUT;2023;PAGO
ALZR11;FII;Dividendos;R$ 5,77;123;R$ 0,05;24/10/2023;OUT;2023;PAGO
XPML11;FII;Dividendos;R$ 4,25;18;R$ 0,24;25/10/2023;OUT;2023;PAGO
SANB4;Ação;Dividendos;R$ 1,60;50;R$ 0,03;10/11/2023;11;2023;PAGO
SANB4;Ação;JCP;R$ 4,03;50;R$ 0,08;10/11/2023;11;2023;PAGO
CXSE3;Ação;JCP;R$ 50,00;126;R$ 0,40;06/11/2023;11;2023;PAGO
KLBN11;Ação;JCP;R$ 7,50;33;R$ 0,23;14/11/2023;11;2023;PAGO
KDIF11;FII-Infra;Dividendos;R$ 8,00;11;R$ 0,73;08/11/2023;NOV;2023;PAGO
BODB11;FII-Infra;Dividendos;R$ 15,60;301;R$ 0,05;08/11/2023;NOV;2023;PAGO
HSML11;FII;Dividendos;R$ 7,40;15;R$ 0,49;08/11/2023;NOV;2023;PAGO
KNCR11;FII;Dividendos;R$ 13,32;12;R$ 1,11;14/11/2023;NOV;2023;PAGO
XPLG11;FII;Dividendos;R$ 8,58;11;R$ 0,78;16/11/2023;NOV;2023;PAGO
HGLG11;FII;Dividendos;R$ 11,00;10;R$ 1,10;16/11/2023;NOV;2023;PAGO
VINO11;FII;Dividendos;R$ 3,00;61;R$ 0,05;16/11/2023;NOV;2023;PAGO
KNRI11;FII;Dividendos;R$ 7,00;10;R$ 0,70;16/11/2023;NOV;2023;PAGO
JSRE11;FII;Dividendos;R$ 4,60;10;R$ 0,46;16/11/2023;NOV;2023;PAGO
MALL11;FII;Dividendos;R$ 4,25;10;R$ 0,43;16/11/2023;NOV;2023;PAGO
MXRF11;FII;Dividendos;R$ 16,51;270;R$ 0,06;16/11/2023;NOV;2023;PAGO
JURO11;FII-Infra;Dividendos;R$ 13,50;10;R$ 1,35;16/11/2023;NOV;2023;PAGO
TVRI11;FII;Dividendos;R$ 3,64;10;R$ 0,36;16/11/2023;NOV;2023;PAGO
VSLH11;FII;Dividendos;R$ 2,00;56;R$ 0,04;16/11/2023;NOV;2023;PAGO
RECR11;FII;Dividendos;R$ 6,24;10;R$ 0,62;16/11/2023;NOV;2023;PAGO
RECT11;FII;Dividendos;R$ 2,00;10;R$ 0,20;16/11/2023;NOV;2023;PAGO
BRCR11;FII;Dividendos;R$ 4,10;10;R$ 0,41;16/11/2023;NOV;2023;PAGO
IRDM11;FII;Dividendos;R$ 8,54;15;R$ 0,57;20/11/2023;NOV;2023;PAGO
VGIR11;FII;Dividendos;R$ 6,72;273;R$ 0,02;21/11/2023;NOV;2023;PAGO
BTLG11;FII;Dividendos;R$ 6,84;10;R$ 0,68;24/11/2023;NOV;2023;PAGO
BDIF11;FII-Infra;Dividendos;R$ 5,00;13;R$ 0,38;23/11/2023;NOV;2023;PAGO
XPML11;FII;Dividendos;R$ 5,10;18;R$ 0,28;24/11/2023;NOV;2023;PAGO
ALZR11;FII;Dividendos;R$ 5,77;123;R$ 0,05;24/11/2023;NOV;2023;PAGO
TAEE11;Ação;Dividendos;R$ 0,23;53;R$ 0,00;15/12/2023;12;2023;PAGO
TAEE11;Ação;JCP;R$ 9,89;53;R$ 0,19;15/12/2023;12;2023;PAGO
BBAS3;Ação;Dividendos;R$ 0,10;123;R$ 0,00;30/11/2023;11;2023;PAGO
BBAS3;Ação;JCP;R$ 0,67;123;R$ 0,01;30/11/2023;11;2023;PAGO
GGBR4;Ação;Dividendos;R$ 4,70;48;R$ 0,10;13/12/2023;12;2023;PAGO
KDIF11;FII-Infra;Dividendos;R$ 8,00;11;R$ 0,73;07/12/2023;DEZ;2023;PAGO
BODB11;FII-Infra;Dividendos;R$ 16,00;301;R$ 0,05;07/12/2023;DEZ;2023;PAGO
HSML11;FII;Dividendos;R$ 7,40;15;R$ 0,49;07/12/2023;DEZ;2023;PAGO
KNCR11;FII;Dividendos;R$ 12,12;12;R$ 1,01;13/12/2023;DEZ;2023;PAGO
XPLG11;FII;Dividendos;R$ 8,58;11;R$ 0,78;13/12/2023;DEZ;2023;PAGO
MXRF11;FII;Dividendos;R$ 16,61;270;R$ 0,06;14/12/2023;DEZ;2023;PAGO
JSRE11;FII;Dividendos;R$ 4,60;10;R$ 0,46;14/12/2023;DEZ;2023;PAGO
KNRI11;FII;Dividendos;R$ 7,00;10;R$ 0,70;14/12/2023;DEZ;2023;PAGO
VINO11;FII;Dividendos;R$ 2,90;61;R$ 0,05;14/12/2023;DEZ;2023;PAGO
HGLG11;FII;Dividendos;R$ 11,00;10;R$ 1,10;14/12/2023;DEZ;2023;PAGO
TVRI11;FII;Dividendos;R$ 3,64;10;R$ 0,36;14/12/2023;DEZ;2023;PAGO
JURO11;FII-Infra;Dividendos;R$ 13,50;10;R$ 1,35;14/12/2023;DEZ;2023;PAGO
MALL11;FII;Dividendos;R$ 4,00;10;R$ 0,40;14/12/2023;DEZ;2023;PAGO
RECT11;FII;Dividendos;R$ 2,00;10;R$ 0,20;14/12/2023;DEZ;2023;PAGO
BRCR11;FII;Dividendos;R$ 4,10;10;R$ 0,41;14/12/2023;DEZ;2023;PAGO
VSLH11;FII;Dividendos;R$ 2,00;56;R$ 0,04;14/12/2023;DEZ;2023;PAGO
RECR11;FII;Dividendos;R$ 6,20;10;R$ 0,62;14/12/2023;DEZ;2023;PAGO
IRDM11;FII;Dividendos;R$ 9,24;15;R$ 0,62;18/12/2023;DEZ;2023;PAGO
BODB11;FII-Infra;Dividendos;R$ 8,00;301;R$ 0,03;19/12/2023;DEZ;2023;PAGO
VGIR11;FII;Dividendos;R$ 6,16;273;R$ 0,02;19/12/2023;DEZ;2023;PAGO
BDIF11;FII-Infra;Dividendos;R$ 5,00;13;R$ 0,38;21/12/2023;DEZ;2023;PAGO
ALZR11;FII;Dividendos;R$ 5,77;123;R$ 0,05;22/12/2023;DEZ;2023;PAGO
XPML11;FII;Dividendos;R$ 5,40;18;R$ 0,30;22/12/2023;DEZ;2023;PAGO
BTLG11;FII;Dividendos;R$ 7,60;10;R$ 0,76;22/12/2023;DEZ;2023;PAGO
BBAS3;Ação;Dividendos;R$ 0,29;123;R$ 0,00;28/12/2023;12;2023;PAGO
ISAE4;Ação;Dividendos;R$ 2,06;50;R$ 0,04;15/01/2024;1;2024;PAGO
ITSA4;Ação;JCP;R$ 0,72;35;R$ 0,02;02/01/2024;1;2024;PAGO
AMAR3;Ação;Dividendos;R$ 2,06;7;R$ 0,29;26/12/2023;12;2023;PAGO
UNIP3;Ação;Dividendos;R$ 1,41;1;R$ 1,41;28/12/2023;12;2023;PAGO
CMIG4;Ação;JCP;R$ 25,54;210;R$ 0,12;28/06/2024;6;2024;PAGO
VBBR3;Ação;JCP;R$ 6,86;20;R$ 0,34;29/05/2024;5;2024;PAGO
ISAE4;Ação;Dividendos;R$ 16,67;50;R$ 0,33;10/04/2024;4;2024;PAGO
KDIF11;FII-Infra;Dividendos;R$ 8,80;11;R$ 0,80;08/01/2024;JAN;2024;PAGO
BODB11;FII-Infra;Dividendos;R$ 16,00;301;R$ 0,05;08/01/2024;JAN;2024;PAGO
HSML11;FII;Dividendos;R$ 7,60;15;R$ 0,51;08/01/2024;JAN;2024;PAGO
KNCR11;FII;Dividendos;R$ 12,12;12;R$ 1,01;12/01/2024;JAN;2024;PAGO
VINO11;FII;Dividendos;R$ 2,90;61;R$ 0,05;12/01/2024;JAN;2024;PAGO
MXRF11;FII;Dividendos;R$ 18,29;270;R$ 0,07;15/01/2024;JAN;2024;PAGO
KNRI11;FII;Dividendos;R$ 7,00;10;R$ 0,70;15/01/2024;JAN;2024;PAGO
MALL11;FII;Dividendos;R$ 4,00;10;R$ 0,40;15/01/2024;JAN;2024;PAGO
TVRI11;FII;Dividendos;R$ 4,55;10;R$ 0,46;15/01/2024;JAN;2024;PAGO
JSRE11;FII;Dividendos;R$ 4,60;10;R$ 0,46;15/01/2024;JAN;2024;PAGO
JURO11;FII-Infra;Dividendos;R$ 13,50;10;R$ 1,35;15/01/2024;JAN;2024;PAGO
HGLG11;FII;Dividendos;R$ 11,00;10;R$ 1,10;15/01/2024;JAN;2024;PAGO
XPLG11;FII;Dividendos;R$ 8,58;11;R$ 0,78;15/01/2024;JAN;2024;PAGO
BRCR11;FII;Dividendos;R$ 4,10;10;R$ 0,41;15/01/2024;JAN;2024;PAGO
RECT11;FII;Dividendos;R$ 2,00;10;R$ 0,20;15/01/2024;JAN;2024;PAGO
VSLH11;FII;Dividendos;R$ 2,04;56;R$ 0,04;15/01/2024;JAN;2024;PAGO
RECR11;FII;Dividendos;R$ 6,07;10;R$ 0,61;15/01/2024;JAN;2024;PAGO
TAEE11;Ação;Dividendos;R$ 13,23;53;R$ 0,25;16/01/2024;1;2024;PAGO
IRDM11;FII;Dividendos;R$ 8,40;15;R$ 0,56;17/01/2024;JAN;2024;PAGO
VGIR11;FII;Dividendos;R$ 6,16;273;R$ 0,02;18/01/2024;JAN;2024;PAGO
BDIF11;FII-Infra;Dividendos;R$ 5,00;13;R$ 0,38;22/01/2024;JAN;2024;PAGO
BTLG11;FII;Dividendos;R$ 8,10;10;R$ 0,81;25/01/2024;JAN;2024;PAGO
XPML11;FII;Dividendos;R$ 5,52;18;R$ 0,31;25/01/2024;JAN;2024;PAGO
ALZR11;FII;Dividendos;R$ 5,58;123;R$ 0,05;25/01/2024;JAN;2024;PAGO
KLBN11;Ação;JCP;R$ 3,95;33;R$ 0,12;26/02/2024;2;2024;PAGO
VBBR3;Ação;JCP;R$ 5,09;20;R$ 0,25;29/02/2024;2;2024;PAGO
SANB4;Ação;JCP;R$ 5,38;50;R$ 0,11;08/02/2024;2;2024;PAGO
HSML11;FII;Dividendos;R$ 7,60;15;R$ 0,51;07/02/2024;FEV;2024;PAGO
BODB11;FII-Infra;Dividendos;R$ 16,60;301;R$ 0,06;07/02/2024;FEV;2024;PAGO
KDIF11;FII-Infra;Dividendos;R$ 8,80;11;R$ 0,80;07/02/2024;FEV;2024;PAGO
KNCR11;FII;Dividendos;R$ 12,84;12;R$ 1,07;15/02/2024;FEV;2024;PAGO
MXRF11;FII;Dividendos;R$ 18,30;270;R$ 0,07;16/02/2024;FEV;2024;PAGO
JURO11;FII-Infra;Dividendos;R$ 9,00;10;R$ 0,90;16/02/2024;FEV;2024;PAGO
HGLG11;FII;Dividendos;R$ 11,00;10;R$ 1,10;16/02/2024;FEV;2024;PAGO
MALL11;FII;Dividendos;R$ 4,60;10;R$ 0,46;16/02/2024;FEV;2024;PAGO
JSRE11;FII;Dividendos;R$ 4,60;10;R$ 0,46;16/02/2024;FEV;2024;PAGO
TVRI11;FII;Dividendos;R$ 4,85;10;R$ 0,49;16/02/2024;FEV;2024;PAGO
XPLG11;FII;Dividendos;R$ 8,58;11;R$ 0,78;16/02/2024;FEV;2024;PAGO
VINO11;FII;Dividendos;R$ 2,75;61;R$ 0,05;16/02/2024;FEV;2024;PAGO
KNRI11;FII;Dividendos;R$ 7,00;10;R$ 0,70;16/02/2024;FEV;2024;PAGO
RECT11;FII;Dividendos;R$ 2,00;10;R$ 0,20;16/02/2024;FEV;2024;PAGO
RECR11;FII;Dividendos;R$ 6,48;10;R$ 0,65;16/02/2024;FEV;2024;PAGO
VSLH11;FII;Dividendos;R$ 2,08;56;R$ 0,04;16/02/2024;FEV;2024;PAGO
BRCR11;FII;Dividendos;R$ 4,10;10;R$ 0,41;16/02/2024;FEV;2024;PAGO
IRDM11;FII;Dividendos;R$ 9,00;15;R$ 0,60;20/02/2024;FEV;2024;PAGO
BBSE3;Ação;Dividendos;R$ 62,09;70;R$ 0,89;22/02/2024;2;2024;PAGO
BBSE3;Ação;JCP;R$ 0,76;70;R$ 0,01;22/02/2024;2;2024;PAGO
VGIR11;FII;Dividendos;R$ 9,46;273;R$ 0,03;21/02/2024;FEV;2024;PAGO
BTLG11;FII;Dividendos;R$ 7,80;10;R$ 0,78;23/02/2024;FEV;2024;PAGO
BDIF11;FII-Infra;Dividendos;R$ 6,00;13;R$ 0,46;23/02/2024;FEV;2024;PAGO
ALZR11;FII;Dividendos;R$ 5,58;123;R$ 0,05;23/02/2024;FEV;2024;PAGO
XPML11;FII;Dividendos;R$ 5,63;18;R$ 0,31;24/02/2024;FEV;2024;PAGO
KLBN11;Ação;JCP;R$ 7,00;33;R$ 0,21;12/03/2025;3;2025;PAGO
KLBN11;Ação;Dividendos;R$ 5,21;33;R$ 0,16;26/02/2024;2;2024;PAGO
ITSA4;Ação;JCP;R$ 8,70;35;R$ 0,25;08/03/2024;3;2024;PAGO
BBAS3;Ação;JCP;R$ 0,52;123;R$ 0,00;29/02/2024;2;2024;PAGO
BBAS3;Ação;Dividendos;R$ 0,23;123;R$ 0,00;29/02/2024;2;2024;PAGO
KDIF11;FII-Infra;Dividendos;R$ 10,80;11;R$ 0,98;07/03/2024;MAR;2024;PAGO
BODB11;FII-Infra;Dividendos;R$ 17,10;301;R$ 0,06;07/03/2024;MAR;2024;PAGO
HSML11;FII;Dividendos;R$ 8,00;15;R$ 0,53;07/03/2024;MAR;2024;PAGO
KNCR11;FII;Dividendos;R$ 11,40;12;R$ 0,95;13/03/2024;MAR;2024;PAGO
JSRE11;FII;Dividendos;R$ 4,60;10;R$ 0,46;14/03/2024;MAR;2024;PAGO
HGLG11;FII;Dividendos;R$ 11,00;10;R$ 1,10;14/03/2024;MAR;2024;PAGO
TVRI11;FII;Dividendos;R$ 4,85;10;R$ 0,49;14/03/2024;MAR;2024;PAGO
MXRF11;FII;Dividendos;R$ 19,00;270;R$ 0,07;14/03/2024;MAR;2024;PAGO
KNRI11;FII;Dividendos;R$ 7,00;10;R$ 0,70;14/03/2024;MAR;2024;PAGO
JURO11;FII-Infra;Dividendos;R$ 9,00;10;R$ 0,90;14/03/2024;MAR;2024;PAGO
VINO11;FII;Dividendos;R$ 2,75;61;R$ 0,05;14/03/2024;MAR;2024;PAGO
MALL11;FII;Dividendos;R$ 4,60;10;R$ 0,46;14/03/2024;MAR;2024;PAGO
XPLG11;FII;Dividendos;R$ 8,58;11;R$ 0,78;14/03/2024;MAR;2024;PAGO
VSLH11;FII;Dividendos;R$ 2,08;56;R$ 0,04;14/03/2024;MAR;2024;PAGO
RECT11;FII;Dividendos;R$ 2,00;10;R$ 0,20;14/03/2024;MAR;2024;PAGO
BRCR11;FII;Dividendos;R$ 4,10;10;R$ 0,41;14/03/2024;MAR;2024;PAGO
RECR11;FII;Dividendos;R$ 7,04;10;R$ 0,70;14/03/2024;MAR;2024;PAGO
GGBR4;Ação;Dividendos;R$ 1,00;48;R$ 0,02;12/03/2024;3;2024;PAGO
ITSA4;Ação;Dividendos;R$ 0,70;35;R$ 0,02;01/04/2024;4;2024;PAGO
UGPA3;Ação;Dividendos;R$ 2,00;5;R$ 0,40;15/03/2024;3;2024;PAGO
BBAS3;Ação;JCP;R$ 0,35;123;R$ 0,00;27/03/2024;3;2024;PAGO
VSLH11;FII;Dividendos;R$ 2,12;56;R$ 0,04;12/04/2024;ABR;2024;PAGO
IRDM11;FII;Dividendos;R$ 9,36;15;R$ 0,62;18/03/2024;MAR;2024;PAGO
VGIR11;FII;Dividendos;R$ 9,46;273;R$ 0,03;19/03/2024;MAR;2024;PAGO
BTLG11;FII;Dividendos;R$ 7,60;10;R$ 0,76;25/03/2024;MAR;2024;PAGO
BDIF11;FII-Infra;Dividendos;R$ 7,00;13;R$ 0,54;21/03/2024;MAR;2024;PAGO
XPML11;FII;Dividendos;R$ 8,10;18;R$ 0,45;25/03/2024;MAR;2024;PAGO
ALZR11;FII;Dividendos;R$ 5,58;123;R$ 0,05;25/03/2024;MAR;2024;PAGO
UNIP3;Ação;Dividendos;R$ 1,34;1;R$ 1,34;01/04/2024;4;2024;PAGO
UNIP6;Ação;Dividendos;R$ 5,93;4;R$ 1,48;01/04/2024;4;2024;PAGO
KDIF11;FII-Infra;Dividendos;R$ 10,80;11;R$ 0,98;05/04/2024;ABR;2024;PAGO
HSML11;FII;Dividendos;R$ 8,00;15;R$ 0,53;05/04/2024;ABR;2024;PAGO
BODB11;FII-Infra;Dividendos;R$ 18,00;301;R$ 0,06;05/04/2024;ABR;2024;PAGO
KNCR11;FII;Dividendos;R$ 11,40;12;R$ 0,95;11/04/2024;ABR;2024;PAGO
MALL11;FII;Dividendos;R$ 4,60;10;R$ 0,46;12/04/2024;ABR;2024;PAGO
JURO11;FII-Infra;Dividendos;R$ 11,25;10;R$ 1,13;12/04/2024;ABR;2024;PAGO
HGLG11;FII;Dividendos;R$ 11,00;10;R$ 1,10;12/04/2024;ABR;2024;PAGO
TVRI11;FII;Dividendos;R$ 4,85;10;R$ 0,49;12/04/2024;ABR;2024;PAGO
VINO11;FII;Dividendos;R$ 2,75;61;R$ 0,05;12/04/2024;ABR;2024;PAGO
XPLG11;FII;Dividendos;R$ 8,58;11;R$ 0,78;12/04/2024;ABR;2024;PAGO
KNRI11;FII;Dividendos;R$ 7,00;10;R$ 0,70;12/04/2024;ABR;2024;PAGO
MXRF11;FII;Dividendos;R$ 19,00;270;R$ 0,07;12/04/2024;ABR;2024;PAGO
JSRE11;FII;Dividendos;R$ 4,80;10;R$ 0,48;12/04/2024;ABR;2024;PAGO
CSMG3;Ação;Dividendos;R$ 0,28;2;R$ 0,14;17/05/2024;5;2024;PAGO
CSMG3;Ação;JCP;R$ 0,53;2;R$ 0,27;17/05/2024;5;2024;PAGO
BRCR11;FII;Dividendos;R$ 5,00;10;R$ 0,50;12/04/2024;ABR;2024;PAGO
RECR11;FII;Dividendos;R$ 7,52;10;R$ 0,75;12/04/2024;ABR;2024;PAGO
RECT11;FII;Dividendos;R$ 1,80;10;R$ 0,18;12/04/2024;ABR;2024;PAGO
PSSA3;Ação;JCP;R$ 0,46;1;R$ 0,46;10/04/2024;4;2024;PAGO
PSSA3;Ação;Dividendos;R$ 0,50;1;R$ 0,50;10/04/2024;4;2024;PAGO
IRDM11;FII;Dividendos;R$ 9,60;15;R$ 0,64;16/04/2024;ABR;2024;PAGO
BDIF11;FII-Infra;Dividendos;R$ 10,00;13;R$ 0,77;23/04/2024;ABR;2024;PAGO
BTLG11;FII;Dividendos;R$ 7,60;10;R$ 0,76;25/04/2024;ABR;2024;PAGO
VGIR11;FII;Dividendos;R$ 8,70;273;R$ 0,03;17/04/2024;ABR;2024;PAGO
BRCR11;FII;Dividendos;R$ 8,50;10;R$ 0,85;29/05/2024;MAI;2024;PAGO
ALZR11;FII;Dividendos;R$ 5,39;123;R$ 0,04;25/04/2024;ABR;2024;PAGO
XPML11;FII;Dividendos;R$ 8,19;18;R$ 0,46;25/04/2024;ABR;2024;PAGO
AURE3;Ação;Dividendos;R$ 0,82;12;R$ 0,07;02/05/2024;5;2024;PAGO
SANB4;Ação;JCP;R$ 5,38;50;R$ 0,11;15/05/2024;5;2024;PAGO
CPLE11;Ação;JCP;R$ 0,73;0;#DIV/0!;28/06/2024;6;2024;PAGO
CPLE3;Ação;Dividendos;R$ 0,22;2;R$ 0,11;28/06/2024;6;2024;PAGO
CPLE6;Ação;Dividendos;R$ 1,87;77;R$ 0,02;28/06/2024;6;2024;PAGO
HSML11;FII;Dividendos;R$ 8,00;15;R$ 0,53;08/05/2024;MAI;2024;PAGO
BODB11;FII-Infra;Dividendos;R$ 18,99;301;R$ 0,06;08/05/2024;MAI;2024;PAGO
KDIF11;FII-Infra;Dividendos;R$ 8,40;11;R$ 0,76;08/05/2024;MAI;2024;PAGO
KNCR11;FII;Dividendos;R$ 12,00;12;R$ 1,00;14/05/2024;MAI;2024;PAGO
VINO11;FII;Dividendos;R$ 3,50;61;R$ 0,06;15/05/2024;MAI;2024;PAGO
MALL11;FII;Dividendos;R$ 4,50;10;R$ 0,45;15/05/2024;MAI;2024;PAGO
MXRF11;FII;Dividendos;R$ 19,00;270;R$ 0,07;15/05/2024;MAI;2024;PAGO
KNRI11;FII;Dividendos;R$ 7,00;10;R$ 0,70;15/05/2024;MAI;2024;PAGO
JURO11;FII-Infra;Dividendos;R$ 11,25;10;R$ 1,13;15/05/2024;MAI;2024;PAGO
JSRE11;FII;Dividendos;R$ 4,80;10;R$ 0,48;15/05/2024;MAI;2024;PAGO
XPLG11;FII;Dividendos;R$ 8,58;11;R$ 0,78;15/05/2024;MAI;2024;PAGO
HGLG11;FII;Dividendos;R$ 11,00;10;R$ 1,10;15/05/2024;MAI;2024;PAGO
TVRI11;FII;Dividendos;R$ 4,85;10;R$ 0,49;15/05/2024;MAI;2024;PAGO
CXSE3;Ação;Dividendos;R$ 64,72;126;R$ 0,51;08/05/2024;5;2024;PAGO
KLBN11;Ação;Dividendos;R$ 8,95;33;R$ 0,27;16/05/2024;5;2024;PAGO
TAEE11;Ação;Dividendos;R$ 22,65;53;R$ 0,43;16/05/2024;5;2024;PAGO
CSMG3;Ação;Dividendos;R$ 1,58;2;R$ 0,79;10/05/2024;5;2024;PAGO
IRDM11;FII;Dividendos;R$ 9,72;15;R$ 0,65;17/05/2024;MAI;2024;PAGO
RECT11;FII;Dividendos;R$ 1,85;10;R$ 0,19;15/05/2024;MAI;2024;PAGO
RECR11;FII;Dividendos;R$ 10,32;10;R$ 1,03;15/05/2024;MAI;2024;PAGO
SAPR11;Ação;JCP;R$ 4,14;5;R$ 0,83;27/06/2024;6;2024;PAGO
CSMG3;Ação;JCP;R$ 0,41;2;R$ 0,21;28/06/2024;6;2024;PAGO
BDIF11;FII-Infra;Dividendos;R$ 10,00;13;R$ 0,77;21/05/2024;MAI;2024;PAGO
VGIR11;FII;Dividendos;R$ 12,32;273;R$ 0,05;20/05/2024;MAI;2024;PAGO
VSLH11;FII;Dividendos;R$ 2,20;56;R$ 0,04;15/05/2024;MAI;2024;PAGO
BTLG11;FII;Dividendos;R$ 7,60;10;R$ 0,76;24/05/2024;MAI;2024;PAGO
ALZR11;FII;Dividendos;R$ 5,87;123;R$ 0,05;24/05/2024;MAI;2024;PAGO
XPML11;FII;Dividendos;R$ 8,28;18;R$ 0,46;24/05/2024;MAI;2024;PAGO
TAEE11;Ação;JCP;R$ 7,15;53;R$ 0,13;27/06/2024;6;2024;PAGO
KDIF11;FII-Infra;Dividendos;R$ 8,80;11;R$ 0,80;07/06/2024;JUN;2024;PAGO
BODB11;FII-Infra;Dividendos;R$ 20,00;301;R$ 0,07;07/06/2024;JUN;2024;PAGO
HSML11;FII;Dividendos;R$ 8,00;15;R$ 0,53;07/06/2024;JUN;2024;PAGO
KNCR11;FII;Dividendos;R$ 12,00;12;R$ 1,00;13/06/2024;JUN;2024;PAGO
TVRI11;FII;Dividendos;R$ 4,85;10;R$ 0,49;14/06/2024;JUN;2024;PAGO
JURO11;FII-Infra;Dividendos;R$ 11,25;10;R$ 1,13;14/06/2024;JUN;2024;PAGO
HGLG11;FII;Dividendos;R$ 11,00;10;R$ 1,10;14/06/2024;JUN;2024;PAGO
VINO11;FII;Dividendos;R$ 3,00;61;R$ 0,05;14/06/2024;JUN;2024;PAGO
MXRF11;FII;Dividendos;R$ 19,00;270;R$ 0,07;14/06/2024;JUN;2024;PAGO
KNRI11;FII;Dividendos;R$ 7,00;10;R$ 0,70;14/06/2024;JUN;2024;PAGO
XPLG11;FII;Dividendos;R$ 8,58;11;R$ 0,78;14/06/2024;JUN;2024;PAGO
JSRE11;FII;Dividendos;R$ 4,80;10;R$ 0,48;14/06/2024;JUN;2024;PAGO
MALL11;FII;Dividendos;R$ 4,35;10;R$ 0,44;14/06/2024;JUN;2024;PAGO
CSAN3;Ação;Dividendos;R$ 13,54;30;R$ 0,45;14/06/2024;6;2024;PAGO
RECT11;FII;Dividendos;R$ 1,85;10;R$ 0,19;14/06/2024;JUN;2024;PAGO
BRCR11;FII;Dividendos;R$ 5,00;10;R$ 0,50;14/06/2024;JUN;2024;PAGO
RECR11;FII;Dividendos;R$ 6,08;10;R$ 0,61;14/06/2024;JUN;2024;PAGO
VSLH11;FII;Dividendos;R$ 2,20;56;R$ 0,04;14/06/2024;JUN;2024;PAGO
IRDM11;FII;Dividendos;R$ 8,88;15;R$ 0,59;18/06/2024;JUN;2024;PAGO
VGIR11;FII;Dividendos;R$ 19,25;273;R$ 0,07;19/06/2024;JUN;2024;PAGO
BDIF11;FII-Infra;Dividendos;R$ 10,00;13;R$ 0,77;21/06/2024;JUN;2024;PAGO
BTLG11;FII;Dividendos;R$ 7,60;10;R$ 0,76;25/06/2024;JUN;2024;PAGO
BBAS3;Ação;Dividendos;R$ 11,53;123;R$ 0,09;21/06/2024;6;2024;PAGO
BBAS3;Ação;JCP;R$ 17,44;123;R$ 0,14;21/06/2024;6;2024;PAGO
ALZR11;FII;Dividendos;R$ 5,86;123;R$ 0,05;25/06/2024;JUN;2024;PAGO
XPML11;FII;Dividendos;R$ 9,20;18;R$ 0,51;25/06/2024;JUN;2024;PAGO
GGBR4;Ação;Dividendos;R$ 7,05;48;R$ 0,15;27/05/2024;5;2024;PAGO
BRCR11;FII;Dividendos;R$ 0,85;10;R$ 0,09;29/05/2023;MAI;2023;PAGO
CMIG4;Ação;Dividendos;R$ 12,72;210;R$ 0,06;28/06/2024;6;2024;PAGO
BBAS3;Ação;Dividendos;R$ 12,15;123;R$ 0,10;28/06/2024;6;2024;PAGO
CNES11;FII;Dividendos;R$ 0,08;10;R$ 0,01;27/06/2024;JUN;2024;PAGO
HSML11;FII;Dividendos;R$ 8,00;15;R$ 0,53;05/07/2024;JUL;2024;PAGO
KDIF11;FII-Infra;Dividendos;R$ 8,80;11;R$ 0,80;05/07/2024;JUL;2024;PAGO
BODB11;FII-Infra;Dividendos;R$ 20,50;301;R$ 0,07;05/07/2024;JUL;2024;PAGO
KNCR11;FII;Dividendos;R$ 12,00;12;R$ 1,00;11/07/2024;JUL;2024;PAGO
MALL11;FII;Dividendos;R$ 4,00;10;R$ 0,40;12/07/2024;JUL;2024;PAGO
XPLG11;FII;Dividendos;R$ 8,58;11;R$ 0,78;12/07/2024;JUL;2024;PAGO
VINO11;FII;Dividendos;R$ 3,00;61;R$ 0,05;12/07/2024;JUL;2024;PAGO
JURO11;FII-Infra;Dividendos;R$ 11,25;10;R$ 1,13;12/07/2024;JUL;2024;PAGO
MXRF11;FII;Dividendos;R$ 19,00;270;R$ 0,07;12/07/2024;JUL;2024;PAGO
KNRI11;FII;Dividendos;R$ 7,00;10;R$ 0,70;12/07/2024;JUL;2024;PAGO
JSRE11;FII;Dividendos;R$ 4,80;10;R$ 0,48;12/07/2024;JUL;2024;PAGO
HGLG11;FII;Dividendos;R$ 11,00;10;R$ 1,10;12/07/2024;JUL;2024;PAGO
TVRI11;FII;Dividendos;R$ 4,85;10;R$ 0,49;12/07/2024;JUL;2024;PAGO
ITSA4;Ação;JCP;R$ 0,70;35;R$ 0,02;01/07/2024;7;2024;PAGO
VSLH11;FII;Dividendos;R$ 2,20;56;R$ 0,04;12/07/2024;JUL;2024;PAGO
RECR11;FII;Dividendos;R$ 6,48;10;R$ 0,65;12/07/2024;JUL;2024;PAGO
RECT11;FII;Dividendos;R$ 1,86;10;R$ 0,19;12/07/2024;JUL;2024;PAGO
BRCR11;FII;Dividendos;R$ 5,00;10;R$ 0,50;12/07/2024;JUL;2024;PAGO
IRDM11;FII;Dividendos;R$ 8,88;15;R$ 0,59;16/07/2024;JUL;2024;PAGO
VGIR11;FII;Dividendos;R$ 19,50;273;R$ 0,07;17/07/2024;JUL;2024;PAGO
BDIF11;FII-Infra;Dividendos;R$ 7,50;13;R$ 0,58;19/07/2024;JUL;2024;PAGO
BTLG11;FII;Dividendos;R$ 7,60;10;R$ 0,76;25/07/2024;JUL;2024;PAGO
XPML11;FII;Dividendos;R$ 11,04;18;R$ 0,61;25/07/2024;JUL;2024;PAGO
ALZR11;FII;Dividendos;R$ 7,54;123;R$ 0,06;25/07/2024;JUL;2024;PAGO
SANB4;Ação;JCP;R$ 8,96;50;R$ 0,18;09/08/2024;8;2024;PAGO
CSMG3;Ação;JCP;R$ 0,54;2;R$ 0,27;19/08/2024;8;2024;PAGO
CSMG3;Ação;Dividendos;R$ 0,13;2;R$ 0,07;19/08/2024;8;2024;PAGO
CSMG3;Ação;Dividendos;R$ 0,83;2;R$ 0,42;30/08/2024;8;2024;PAGO
ITSA4;Ação;Dividendos;R$ 4,91;35;R$ 0,14;30/08/2024;8;2024;PAGO
VBBR3;Ação;Dividendos;R$ 6,06;20;R$ 0,30;30/07/2024;7;2024;PAGO
CNES11;FII;Dividendos;R$ 0,08;10;R$ 0,01;30/07/2024;JUL;2024;PAGO
BODB11;FII-Infra;Dividendos;R$ 22,20;301;R$ 0,07;07/08/2024;AGO;2024;PAGO
KDIF11;FII-Infra;Dividendos;R$ 8,80;11;R$ 0,80;07/08/2024;AGO;2024;PAGO
HSML11;FII;Dividendos;R$ 8,00;15;R$ 0,53;07/08/2024;AGO;2024;PAGO
KNCR11;FII;Dividendos;R$ 11,40;12;R$ 0,95;13/08/2024;AGO;2024;PAGO
HGLG11;FII;Dividendos;R$ 11,00;10;R$ 1,10;14/08/2024;AGO;2024;PAGO
TVRI11;FII;Dividendos;R$ 4,90;10;R$ 0,49;14/08/2024;AGO;2024;PAGO
MALL11;FII;Dividendos;R$ 4,00;10;R$ 0,40;14/08/2024;AGO;2024;PAGO
XPLG11;FII;Dividendos;R$ 8,58;11;R$ 0,78;14/08/2024;AGO;2024;PAGO
JSRE11;FII;Dividendos;R$ 8,58;10;R$ 0,86;14/08/2024;AGO;2024;PAGO
JURO11;FII-Infra;Dividendos;R$ 10,00;10;R$ 1,00;14/08/2024;AGO;2024;PAGO
MXRF11;FII;Dividendos;R$ 21,14;270;R$ 0,08;14/08/2024;AGO;2024;PAGO
KNRI11;FII;Dividendos;R$ 7,00;10;R$ 0,70;14/08/2024;AGO;2024;PAGO
VINO11;FII;Dividendos;R$ 2,60;61;R$ 0,04;14/08/2024;AGO;2024;PAGO
CXSE3;Ação;Dividendos;R$ 33,88;126;R$ 0,27;15/08/2024;8;2024;PAGO
RECT11;FII;Dividendos;R$ 1,80;10;R$ 0,18;14/08/2024;AGO;2024;PAGO
RECR11;FII;Dividendos;R$ 6,80;10;R$ 0,68;14/08/2024;AGO;2024;PAGO
VSLH11;FII;Dividendos;R$ 2,20;56;R$ 0,04;14/08/2024;AGO;2024;PAGO
BRCR11;FII;Dividendos;R$ 5,00;10;R$ 0,50;14/08/2024;AGO;2024;PAGO
IRDM11;FII;Dividendos;R$ 8,88;15;R$ 0,59;16/08/2024;AGO;2024;PAGO
KLBN11;Ação;Dividendos;R$ 11,12;33;R$ 0,34;15/08/2024;8;2024;PAGO
VGIR11;FII;Dividendos;R$ 19,50;273;R$ 0,07;19/08/2024;AGO;2024;PAGO
GGBR4;Ação;Dividendos;R$ 3,00;48;R$ 0,06;20/08/2024;8;2024;PAGO
BDIF11;FII-Infra;Dividendos;R$ 7,50;13;R$ 0,58;21/08/2024;AGO;2024;PAGO
ALZR11;FII;Dividendos;R$ 8,33;123;R$ 0,07;23/08/2024;AGO;2024;PAGO
BTLG11;FII;Dividendos;R$ 7,60;10;R$ 0,76;23/08/2024;AGO;2024;PAGO
XPML11;FII;Dividendos;R$ 11,04;18;R$ 0,61;23/08/2024;AGO;2024;PAGO
UGPA3;Ação;Dividendos;R$ 1,25;5;R$ 0,25;23/08/2024;8;2024;PAGO
BBSE3;Ação;Dividendos;R$ 83,45;70;R$ 1,19;30/08/2024;8;2024;PAGO
BBAS3;Ação;Dividendos;R$ 11,54;123;R$ 0,09;30/08/2024;8;2024;PAGO
BBAS3;Ação;JCP;R$ 19,51;123;R$ 0,16;30/08/2024;8;2024;PAGO
CNES11;FII;Dividendos;R$ 0,05;10;R$ 0,01;29/08/2024;AGO;2024;PAGO
CMIG4;Ação;Dividendos;R$ 79,41;210;R$ 0,38;30/08/2024;8;2024;PAGO
VBBR3;Ação;Dividendos;R$ 6,06;20;R$ 0,30;30/08/2024;8;2024;PAGO
HSML11;FII;Dividendos;R$ 8,00;15;R$ 0,53;06/09/2024;SET;2024;PAGO
BODB11;FII-Infra;Dividendos;R$ 22,68;301;R$ 0,08;06/09/2024;SET;2024;PAGO
KDIF11;FII-Infra;Dividendos;R$ 8,80;11;R$ 0,80;06/09/2024;SET;2024;PAGO
KNCR11;FII;Dividendos;R$ 11,40;12;R$ 0,95;12/09/2024;SET;2024;PAGO
MXRF11;FII;Dividendos;R$ 19,89;270;R$ 0,07;13/09/2024;SET;2024;PAGO
XPLG11;FII;Dividendos;R$ 8,58;11;R$ 0,78;13/09/2024;SET;2024;PAGO
TVRI11;FII;Dividendos;R$ 4,90;10;R$ 0,49;13/09/2024;SET;2024;PAGO
MALL11;FII;Dividendos;R$ 3,90;10;R$ 0,39;13/09/2024;SET;2024;PAGO
JSRE11;FII;Dividendos;R$ 4,80;10;R$ 0,48;13/09/2024;SET;2024;PAGO
HGLG11;FII;Dividendos;R$ 11,00;10;R$ 1,10;13/09/2024;SET;2024;PAGO
JURO11;FII-Infra;Dividendos;R$ 10,00;10;R$ 1,00;13/09/2024;SET;2024;PAGO
KNRI11;FII;Dividendos;R$ 7,00;10;R$ 0,70;13/09/2024;SET;2024;PAGO
VINO11;FII;Dividendos;R$ 2,50;61;R$ 0,04;13/09/2024;SET;2024;PAGO
BRCR11;FII;Dividendos;R$ 5,00;10;R$ 0,50;13/09/2024;SET;2024;PAGO
RECT11;FII;Dividendos;R$ 3,60;10;R$ 0,36;13/09/2024;SET;2024;PAGO
RECR11;FII;Dividendos;R$ 6,00;10;R$ 0,60;13/09/2024;SET;2024;PAGO
VSLH11;FII;Dividendos;R$ 2,24;56;R$ 0,04;13/09/2024;SET;2024;PAGO
IRDM11;FII;Dividendos;R$ 8,40;15;R$ 0,56;17/09/2024;SET;2024;PAGO
VGIR11;FII;Dividendos;R$ 19,50;273;R$ 0,07;18/09/2024;SET;2024;PAGO
BDIF11;FII-Infra;Dividendos;R$ 8,25;13;R$ 0,63;20/09/2024;SET;2024;PAGO
BTLG11;FII;Dividendos;R$ 7,80;10;R$ 0,78;25/09/2024;SET;2024;PAGO
BBAS3;Ação;JCP;R$ 14,93;123;R$ 0,12;27/09/2024;9;2024;PAGO
CSMG3;Ação;Dividendos;R$ 0,05;2;R$ 0,03;30/09/2024;9;2024;PAGO
CSMG3;Ação;JCP;R$ 0,66;2;R$ 0,33;30/09/2024;9;2024;PAGO
XPML11;FII;Dividendos;R$ 11,04;18;R$ 0,61;25/09/2024;SET;2024;PAGO
ALZR11;FII;Dividendos;R$ 8,94;123;R$ 0,07;25/09/2024;SET;2024;PAGO
CNES11;FII;Dividendos;R$ 0,06;10;R$ 0,01;27/09/2024;SET;2024;PAGO
ITSA4;Ação;JCP;R$ 0,82;35;R$ 0,02;01/10/2024;10;2024;PAGO
HSML11;FII;Dividendos;R$ 8,00;15;R$ 0,53;07/10/2024;OUT;2024;PAGO
KDIF11;FII-Infra;Dividendos;R$ 8,80;11;R$ 0,80;07/10/2024;OUT;2024;PAGO
BODB11;FII-Infra;Dividendos;R$ 22,68;301;R$ 0,08;07/10/2024;OUT;2024;PAGO
KNCR11;FII;Dividendos;R$ 11,40;12;R$ 0,95;11/10/2024;OUT;2024;PAGO
JSRE11;FII;Dividendos;R$ 4,80;10;R$ 0,48;14/10/2024;OUT;2024;PAGO
TVRI11;FII;Dividendos;R$ 4,90;10;R$ 0,49;14/10/2024;OUT;2024;PAGO
VINO11;FII;Dividendos;R$ 2,55;61;R$ 0,04;14/10/2024;OUT;2024;PAGO
JURO11;FII-Infra;Dividendos;R$ 10,00;10;R$ 1,00;14/10/2024;OUT;2024;PAGO
MALL11;FII;Dividendos;R$ 3,90;10;R$ 0,39;14/10/2024;OUT;2024;PAGO
XPLG11;FII;Dividendos;R$ 8,58;11;R$ 0,78;14/10/2024;OUT;2024;PAGO
MXRF11;FII;Dividendos;R$ 19,89;270;R$ 0,07;14/10/2024;OUT;2024;PAGO
KNRI11;FII;Dividendos;R$ 7,00;10;R$ 0,70;14/10/2024;OUT;2024;PAGO
HGLG11;FII;Dividendos;R$ 11,00;10;R$ 1,10;14/10/2024;OUT;2024;PAGO
BRCR11;FII;Dividendos;R$ 5,00;10;R$ 0,50;14/10/2024;OUT;2024;PAGO
VSLH11;FII;Dividendos;R$ 2,28;56;R$ 0,04;14/10/2024;OUT;2024;PAGO
RECR11;FII;Dividendos;R$ 5,70;10;R$ 0,57;14/10/2024;OUT;2024;PAGO
RECT11;FII;Dividendos;R$ 3,60;10;R$ 0,36;14/10/2024;OUT;2024;PAGO
IRDM11;FII;Dividendos;R$ 9,60;15;R$ 0,64;16/10/2024;OUT;2024;PAGO
VGIR11;FII;Dividendos;R$ 23,10;273;R$ 0,08;17/10/2024;OUT;2024;PAGO
BDIF11;FII-Infra;Dividendos;R$ 8,58;13;R$ 0,66;21/10/2024;OUT;2024;PAGO
BTLG11;FII;Dividendos;R$ 7,80;10;R$ 0,78;25/10/2024;OUT;2024;PAGO
TAEE11;Ação;JCP;R$ 8,45;53;R$ 0,16;27/11/2024;11;2024;PAGO
TAEE11;Ação;Dividendos;R$ 8,84;53;R$ 0,17;27/11/2024;11;2024;PAGO
VBBR3;Ação;Dividendos;R$ 6,06;20;R$ 0,30;29/11/2024;11;2024;PAGO
CPLE6;Ação;Dividendos;R$ 4,51;77;R$ 0,06;29/11/2024;11;2024;PAGO
CPLE6;Ação;JCP;R$ 5,38;77;R$ 0,07;29/11/2024;11;2024;PAGO
CPLE3;Ação;JCP;R$ 0,15;2;R$ 0,08;29/11/2024;11;2024;PAGO
CPLE3;Ação;Dividendos;R$ 0,12;2;R$ 0,06;29/11/2024;11;2024;PAGO
ALZR11;FII;Dividendos;R$ 8,78;123;R$ 0,07;25/10/2024;OUT;2024;PAGO
XPML11;FII;Dividendos;R$ 11,04;18;R$ 0,61;25/10/2024;OUT;2024;PAGO
CNES11;FII;Dividendos;R$ 0,05;10;R$ 0,01;30/10/2024;OUT;2024;PAGO
BODB11;FII-Infra;Dividendos;R$ 25,20;301;R$ 0,08;07/11/2024;NOV;2024;PAGO
HSML11;FII;Dividendos;R$ 8,00;15;R$ 0,53;07/11/2024;NOV;2024;PAGO
KDIF11;FII-Infra;Dividendos;R$ 12,00;11;R$ 1,09;07/11/2024;NOV;2024;PAGO
KNCR11;FII;Dividendos;R$ 12,24;12;R$ 1,02;13/11/2024;NOV;2024;PAGO
VINO11;FII;Dividendos;R$ 2,80;61;R$ 0,05;14/11/2024;NOV;2024;PAGO
KNRI11;FII;Dividendos;R$ 7,00;10;R$ 0,70;14/11/2024;NOV;2024;PAGO
XPLG11;FII;Dividendos;R$ 8,58;11;R$ 0,78;14/11/2024;NOV;2024;PAGO
HGLG11;FII;Dividendos;R$ 11,00;10;R$ 1,10;14/11/2024;NOV;2024;PAGO
MXRF11;FII;Dividendos;R$ 19,89;270;R$ 0,07;14/11/2024;NOV;2024;PAGO
JURO11;FII-Infra;Dividendos;R$ 10,00;10;R$ 1,00;14/11/2024;NOV;2024;PAGO
MALL11;FII;Dividendos;R$ 3,90;10;R$ 0,39;14/11/2024;NOV;2024;PAGO
JSRE11;FII;Dividendos;R$ 4,80;10;R$ 0,48;14/11/2024;NOV;2024;PAGO
TVRI11;FII;Dividendos;R$ 4,90;10;R$ 0,49;14/11/2024;NOV;2024;PAGO
SANB4;Ação;Dividendos;R$ 1,40;50;R$ 0,03;08/11/2024;11;2024;PAGO
SANB4;Ação;JCP;R$ 7,77;50;R$ 0,16;08/11/2024;11;2024;PAGO
CMIG4;Ação;JCP;R$ 25,55;210;R$ 0,12;30/12/2024;12;2024;PAGO
RECR11;FII;Dividendos;R$ 8,64;10;R$ 0,86;14/11/2024;NOV;2024;PAGO
VSLH11;FII;Dividendos;R$ 2,28;56;R$ 0,04;14/11/2024;NOV;2024;PAGO
BRCR11;FII;Dividendos;R$ 5,00;10;R$ 0,50;14/11/2024;NOV;2024;PAGO
RECT11;FII;Dividendos;R$ 3,60;10;R$ 0,36;14/11/2024;NOV;2024;PAGO
CXSE3;Ação;Dividendos;R$ 28,31;126;R$ 0,22;18/11/2024;11;2024;PAGO
IRDM11;FII;Dividendos;R$ 9,00;15;R$ 0,60;19/11/2024;NOV;2024;PAGO
VGIR11;FII;Dividendos;R$ 27,89;273;R$ 0,10;21/11/2024;NOV;2024;PAGO
XPML11;FII;Dividendos;R$ 11,04;18;R$ 0,61;25/11/2024;NOV;2024;PAGO
ALZR11;FII;Dividendos;R$ 9,30;123;R$ 0,08;25/11/2024;NOV;2024;PAGO
BDIF11;FII-Infra;Dividendos;R$ 11,00;13;R$ 0,85;25/11/2024;NOV;2024;PAGO
BTLG11;FII;Dividendos;R$ 7,80;10;R$ 0,78;25/11/2024;NOV;2024;PAGO
KLBN11;Ação;JCP;R$ 9,81;33;R$ 0,30;21/11/2024;11;2024;PAGO
CNES11;FII;Dividendos;R$ 0,06;10;R$ 0,01;28/11/2024;NOV;2024;PAGO
PSSA3;Ação;Dividendos;R$ 0,09;1;R$ 0,09;28/11/2024;11;2024;PAGO
UNIP3;Ação;Dividendos;R$ 2,48;1;R$ 2,48;29/11/2024;11;2024;PAGO
UNIP6;Ação;Dividendos;R$ 10,95;4;R$ 2,74;29/11/2024;11;2024;PAGO
HSML11;FII;Dividendos;R$ 8,00;15;R$ 0,53;06/12/2024;DEZ;2024;PAGO
KDIF11;FII-Infra;Dividendos;R$ 12,00;11;R$ 1,09;06/12/2024;DEZ;2024;PAGO
BODB11;FII-Infra;Dividendos;R$ 23,03;301;R$ 0,08;06/12/2024;DEZ;2024;PAGO
KNCR11;FII;Dividendos;R$ 11,40;12;R$ 0,95;12/12/2024;DEZ;2024;PAGO
VINO11;FII;Dividendos;R$ 2,80;61;R$ 0,05;13/12/2024;DEZ;2024;PAGO
HGLG11;FII;Dividendos;R$ 11,00;10;R$ 1,10;11/12/2024;DEZ;2024;PAGO
JURO11;FII-Infra;Dividendos;R$ 10,00;10;R$ 1,00;13/12/2024;DEZ;2024;PAGO
JSRE11;FII;Dividendos;R$ 4,80;10;R$ 0,48;13/12/2024;DEZ;2024;PAGO
MALL11;FII;Dividendos;R$ 3,90;10;R$ 0,39;13/12/2024;DEZ;2024;PAGO
TVRI11;FII;Dividendos;R$ 7,84;10;R$ 0,78;13/12/2024;DEZ;2024;PAGO
KNRI11;FII;Dividendos;R$ 7,00;10;R$ 0,70;13/12/2024;DEZ;2024;PAGO
MXRF11;FII;Dividendos;R$ 22,90;270;R$ 0,08;13/12/2024;DEZ;2024;PAGO
XPLG11;FII;Dividendos;R$ 8,58;11;R$ 0,78;13/12/2024;DEZ;2024;PAGO
BBAS3;Ação;JCP;R$ 41,09;123;R$ 0,33;06/12/2024;12;2024;PAGO
GGBR4;Ação;Dividendos;R$ 7,50;48;R$ 0,16;16/12/2024;12;2024;PAGO
RECR11;FII;Dividendos;R$ 7,69;10;R$ 0,77;13/12/2024;DEZ;2024;PAGO
RECT11;FII;Dividendos;R$ 3,60;10;R$ 0,36;13/12/2024;DEZ;2024;PAGO
BRCR11;FII;Dividendos;R$ 5,00;10;R$ 0,50;13/12/2024;DEZ;2024;PAGO
VSLH11;FII;Dividendos;R$ 2,28;56;R$ 0,04;13/12/2024;DEZ;2024;PAGO
IRDM11;FII;Dividendos;R$ 9,24;15;R$ 0,62;17/12/2024;DEZ;2024;PAGO
VGIR11;FII;Dividendos;R$ 27,83;273;R$ 0,10;18/12/2024;DEZ;2024;PAGO
BDIF11;FII-Infra;Dividendos;R$ 10,79;13;R$ 0,83;20/12/2024;DEZ;2024;PAGO
BTLG11;FII;Dividendos;R$ 7,80;10;R$ 0,78;23/12/2024;DEZ;2024;PAGO
BBAS3;Ação;Dividendos;R$ 15,00;123;R$ 0,12;27/12/2024;12;2024;PAGO
ALZR11;FII;Dividendos;R$ 9,66;123;R$ 0,08;23/12/2024;DEZ;2024;PAGO
XPML11;FII;Dividendos;R$ 11,04;18;R$ 0,61;23/12/2024;DEZ;2024;PAGO
CMIG4;Ação;Dividendos;R$ 12,71;210;R$ 0,06;27/12/2024;12;2024;PAGO
CPLE3;Ação;JCP;R$ 0,33;2;R$ 0,17;23/12/2024;12;2024;PAGO
CPLE6;Ação;JCP;R$ 11,39;77;R$ 0,15;23/12/2024;12;2024;PAGO
ITSA4;Ação;JCP;R$ 0,70;35;R$ 0,02;02/01/2025;1;2025;PAGO
TAEE11;Ação;Dividendos;R$ 7,80;53;R$ 0,15;29/01/2025;1;2025;PAGO
TAEE11;Ação;JCP;R$ 9,86;53;R$ 0,19;29/01/2025;1;2025;PAGO
BODB11;FII-Infra;Dividendos;R$ 25,60;301;R$ 0,09;08/01/2025;JAN;2025;PAGO
HSML11;FII;Dividendos;R$ 8,00;15;R$ 0,53;08/01/2025;JAN;2025;PAGO
KDIF11;FII-Infra;Dividendos;R$ 6,20;11;R$ 0,56;08/01/2025;JAN;2025;PAGO
XPLG11;FII;Dividendos;R$ 8,58;11;R$ 0,78;14/01/2025;JAN;2025;PAGO
KNCR11;FII;Dividendos;R$ 12,00;12;R$ 1,00;14/01/2025;JAN;2025;PAGO
MXRF11;FII;Dividendos;R$ 23,80;270;R$ 0,09;14/01/2025;JAN;2025;PAGO
KNRI11;FII;Dividendos;R$ 10,00;10;R$ 1,00;14/01/2025;JAN;2025;PAGO
MALL11;FII;Dividendos;R$ 7,80;10;R$ 0,78;14/01/2025;JAN;2025;PAGO
TVRI11;FII;Dividendos;R$ 9,80;10;R$ 0,98;15/01/2025;JAN;2025;PAGO
JURO11;FII-Infra;Dividendos;R$ 5,00;10;R$ 0,50;15/01/2025;JAN;2025;PAGO
JSRE11;FII;Dividendos;R$ 4,80;10;R$ 0,48;15/01/2025;JAN;2025;PAGO
VINO11;FII;Dividendos;R$ 3,05;61;R$ 0,05;15/01/2025;JAN;2025;PAGO
HGLG11;FII;Dividendos;R$ 11,00;10;R$ 1,10;15/01/2025;JAN;2025;PAGO
CXSE3;Ação;Dividendos;R$ 37,67;126;R$ 0,30;17/01/2025;1;2025;PAGO
VBBR3;Ação;JCP;R$ 9,33;20;R$ 0,47;27/02/2025;2;2025;PAGO
RECR11;FII;Dividendos;R$ 10,35;10;R$ 1,04;15/01/2025;JAN;2025;PAGO
BRCR11;FII;Dividendos;R$ 5,00;10;R$ 0,50;15/01/2025;JAN;2025;PAGO
RECT11;FII;Dividendos;R$ 3,60;10;R$ 0,36;15/01/2025;JAN;2025;PAGO
VSLH11;FII;Dividendos;R$ 1,71;56;R$ 0,03;15/01/2025;JAN;2025;PAGO
IRDM11;FII;Dividendos;R$ 13,95;15;R$ 0,93;17/01/2025;JAN;2025;PAGO
VGIR11;FII;Dividendos;R$ 27,72;273;R$ 0,10;20/01/2025;JAN;2025;PAGO
BTLG11;FII;Dividendos;R$ 8,68;10;R$ 0,87;22/01/2025;JAN;2025;PAGO
BDIF11;FII-Infra;Dividendos;R$ 14,04;13;R$ 1,08;22/01/2025;JAN;2025;PAGO
ALZR11;FII;Dividendos;R$ 9,68;123;R$ 0,08;24/01/2025;JAN;2025;PAGO
XPML11;FII;Dividendos;R$ 12,88;18;R$ 0,72;24/01/2025;JAN;2025;PAGO
ISAE4;Ação;JCP;R$ 33,44;50;R$ 0,67;21/01/2025;1;2025;PAGO
CNES11;FII;Dividendos;R$ 0,04;10;R$ 0,00;30/01/2025;JAN;2025;PAGO
SANB4;Ação;JCP;R$ 8,96;50;R$ 0,18;12/02/2025;2;2025;PAGO
KDIF11;FII-Infra;Dividendos;R$ 17,00;11;R$ 1,55;07/02/2025;FEV;2025;PAGO
HSML11;FII;Dividendos;R$ 6,50;15;R$ 0,43;07/02/2025;FEV;2025;PAGO
BODB11;FII-Infra;Dividendos;R$ 27,50;301;R$ 0,09;07/02/2025;FEV;2025;PAGO
KNCR11;FII;Dividendos;R$ 12,84;12;R$ 1,07;13/02/2025;FEV;2025;PAGO
HGLG11;FII;Dividendos;R$ 11,00;10;R$ 1,10;14/02/2025;FEV;2025;PAGO
VINO11;FII;Dividendos;R$ 3,05;61;R$ 0,05;14/02/2025;FEV;2025;PAGO
JURO11;FII-Infra;Dividendos;R$ 7,50;10;R$ 0,75;14/02/2025;FEV;2025;PAGO
MALL11;FII;Dividendos;R$ 8,30;10;R$ 0,83;14/02/2025;FEV;2025;PAGO
TVRI11;FII;Dividendos;R$ 10,30;10;R$ 1,03;14/02/2025;FEV;2025;PAGO
JSRE11;FII;Dividendos;R$ 4,80;10;R$ 0,48;14/02/2025;FEV;2025;PAGO
XPLG11;FII;Dividendos;R$ 9,02;11;R$ 0,82;14/02/2025;FEV;2025;PAGO
KNRI11;FII;Dividendos;R$ 10,00;10;R$ 1,00;14/02/2025;FEV;2025;PAGO
MXRF11;FII;Dividendos;R$ 22,32;270;R$ 0,08;14/02/2025;FEV;2025;PAGO
RECT11;FII;Dividendos;R$ 3,60;10;R$ 0,36;14/02/2025;FEV;2025;PAGO
RECR11;FII;Dividendos;R$ 10,27;10;R$ 1,03;14/02/2025;FEV;2025;PAGO
BRCR11;FII;Dividendos;R$ 4,80;10;R$ 0,48;14/02/2025;FEV;2025;PAGO
ISAE4;Ação;JCP;R$ 39,34;50;R$ 0,79;21/02/2025;2;2025;PAGO
KLBN11;Ação;Dividendos;R$ 1,46;33;R$ 0,04;12/03/2025;3;2025;PAGO
IRDM11;FII;Dividendos;R$ 11,25;15;R$ 0,75;18/02/2025;FEV;2025;PAGO
VSLH11;FII;Dividendos;R$ 1,71;56;R$ 0,03;14/02/2025;FEV;2025;PAGO
VGIR11;FII;Dividendos;R$ 27,83;273;R$ 0,10;19/02/2025;FEV;2025;PAGO
BDIF11;FII-Infra;Dividendos;R$ 11,70;13;R$ 0,90;21/02/2025;FEV;2025;PAGO
BTLG11;FII;Dividendos;R$ 7,80;10;R$ 0,78;25/02/2025;FEV;2025;PAGO
ITSA4;Ação;JCP;R$ 7,45;35;R$ 0,21;07/03/2025;3;2025;PAGO
KLBN11;Ação;JCP;R$ 7,00;33;R$ 0,21;12/03/2025;3;2025;PAGO
VBBR3;Ação;JCP;R$ 4,69;20;R$ 0,23;30/05/2025;5;2025;A PAGAR
CMIG4;Ação;JCP;R$ 19,67;210;R$ 0,09;30/06/2025;6;2025;A PAGAR
VBBR3;Ação;JCP;R$ 5,23;20;R$ 0,26;29/08/2025;8;2025;A PAGAR
CMIG4;Ação;JCP;R$ 19,67;210;R$ 0,09;30/12/2025;12;2025;A PAGAR
XPML11;FII;Dividendos;R$ 13,80;18;R$ 0,77;25/02/2025;FEV;2025;PAGO
BBSE3;Ação;Dividendos;R$ 159,06;70;R$ 2,27;06/03/2025;3;2025;PAGO
BBSE3;Ação;JCP;R$ 2,59;70;R$ 0,04;06/03/2025;3;2025;PAGO
ITSA4;Ação;Dividendos;R$ 14,69;35;R$ 0,42;07/03/2025;3;2025;PAGO
ALZR11;FII;Dividendos;R$ 9,67;123;R$ 0,08;25/02/2025;FEV;2025;PAGO
CNES11;FII;Dividendos;R$ 0,13;10;R$ 0,01;27/02/2025;FEV;2025;PAGO
HSML11;FII;Dividendos;R$ 6,50;15;R$ 0,43;11/03/2025;MAR;2025;PAGO
BODB11;FII-Infra;Dividendos;R$ 32,55;301;R$ 0,11;11/03/2025;MAR;2025;PAGO
KDIF11;FII-Infra;Dividendos;R$ 15,00;11;R$ 1,36;11/03/2025;MAR;2025;PAGO
KNCR11;FII;Dividendos;R$ 12,84;12;R$ 1,07;17/03/2025;MAR;2025;PAGO
TVRI11;FII;Dividendos;R$ 10,30;10;R$ 1,03;18/03/2025;MAR;2025;PAGO
XPLG11;FII;Dividendos;R$ 9,02;11;R$ 0,82;18/03/2025;MAR;2025;PAGO
KNRI11;FII;Dividendos;R$ 10,00;10;R$ 1,00;18/03/2025;MAR;2025;PAGO
MXRF11;FII;Dividendos;R$ 24,30;270;R$ 0,09;18/03/2025;MAR;2025;PAGO
JSRE11;FII;Dividendos;R$ 4,80;10;R$ 0,48;18/03/2025;MAR;2025;PAGO
JURO11;FII-Infra;Dividendos;R$ 10,00;10;R$ 1,00;18/03/2025;MAR;2025;PAGO
HGLG11;FII;Dividendos;R$ 11,00;10;R$ 1,10;18/03/2025;MAR;2025;PAGO
MALL11;FII;Dividendos;R$ 8,50;10;R$ 0,85;18/03/2025;MAR;2025;PAGO
VINO11;FII;Dividendos;R$ 3,05;61;R$ 0,05;18/03/2025;MAR;2025;PAGO
GGBR4;Ação;Dividendos;R$ 3,20;48;R$ 0,07;14/03/2025;3;2025;PAGO
UGPA3;Ação;Dividendos;R$ 2,25;5;R$ 0,45;14/03/2025;3;2025;PAGO
KLBN11;Ação;Dividendos;R$ 1,46;33;R$ 0,04;14/03/2025;3;2025;PAGO
ITSA4;Ação;JCP;R$ 1,68;35;R$ 0,05;01/04/2025;4;2025;PAGO
BBAS3;Ação;Dividendos;R$ 15,77;123;R$ 0,13;20/03/2025;3;2025;PAGO
BBAS3;Ação;JCP;R$ 39,74;123;R$ 0,32;20/03/2025;3;2025;PAGO
BBAS3;Ação;Dividendos;R$ 0,91;123;R$ 0,01;20/03/2025;3;2025;PAGO
BBAS3;Ação;JCP;R$ 17,32;123;R$ 0,14;21/03/2025;3;2025;PAGO
ISAE4;Ação;JCP;R$ 39,34;50;R$ 0,79;21/03/2025;3;2025;PAGO
RECT11;FII;Dividendos;R$ 3,60;10;R$ 0,36;18/03/2025;MAR;2025;PAGO
RECR11;FII;Dividendos;R$ 9,46;10;R$ 0,95;18/03/2025;MAR;2025;PAGO
BRCR11;FII;Dividendos;R$ 4,50;10;R$ 0,45;18/03/2025;MAR;2025;PAGO
VSLH11;FII;Dividendos;R$ 1,71;56;R$ 0,03;18/03/2025;MAR;2025;PAGO
IRDM11;FII;Dividendos;R$ 12,00;15;R$ 0,80;20/03/2025;MAR;2025;PAGO
VGIR11;FII;Dividendos;R$ 28,49;273;R$ 0,10;21/03/2025;MAR;2025;PAGO
BTLG11;FII;Dividendos;R$ 7,80;10;R$ 0,78;25/03/2025;MAR;2025;PAGO
BDIF11;FII-Infra;Dividendos;R$ 13,00;13;R$ 1,00;25/03/2025;MAR;2025;PAGO
XPML11;FII;Dividendos;R$ 14,72;18;R$ 0,82;25/03/2025;MAR;2025;PAGO
ALZR11;FII;Dividendos;R$ 9,66;123;R$ 0,08;25/03/2025;MAR;2025;PAGO
UNIP3;Ação;Dividendos;R$ 2,08;1;R$ 2,08;02/04/2025;4;2025;PAGO
UNIP6;Ação;Dividendos;R$ 9,19;4;R$ 2,30;02/04/2025;4;2025;PAGO
ITSA4;Ação;Dividendos;R$ 3,32;35;R$ 0,09;22/04/2025;4;2025;PAGO
CSMG3;Ação;JCP;R$ 0,59;2;R$ 0,30;25/04/2025;4;2025;PAGO
CSMG3;Ação;Dividendos;R$ 0,35;2;R$ 0,18;25/04/2025;4;2025;PAGO
TAEE11;Ação;JCP;R$ 17,06;53;R$ 0,32;27/11/2025;11;2025;A PAGAR
CNES11;FII;Dividendos;R$ 0,07;10;R$ 0,01;28/03/2025;MAR;2025;PAGO
KDIF11;FII-Infra;Dividendos;R$ 15,00;11;R$ 1,36;07/04/2025;ABR;2025;PAGO
BODB11;FII-Infra;Dividendos;R$ 36,00;301;R$ 0,12;07/04/2025;ABR;2025;PAGO
HSML11;FII;Dividendos;R$ 8,45;15;R$ 0,56;07/04/2025;ABR;2025;PAGO
KNCR11;FII;Dividendos;R$ 12,48;12;R$ 1,04;11/04/2025;ABR;2025;PAGO
TVRI11;FII;Dividendos;R$ 10,30;10;R$ 1,03;14/04/2025;ABR;2025;PAGO
VINO11;FII;Dividendos;R$ 3,05;61;R$ 0,05;14/04/2025;ABR;2025;PAGO
HGLG11;FII;Dividendos;R$ 11,00;10;R$ 1,10;14/04/2025;ABR;2025;PAGO
MALL11;FII;Dividendos;R$ 8,50;10;R$ 0,85;14/04/2025;ABR;2025;PAGO
JURO11;FII-Infra;Dividendos;R$ 10,00;10;R$ 1,00;14/04/2025;ABR;2025;PAGO
KNRI11;FII;Dividendos;R$ 10,00;10;R$ 1,00;14/04/2025;ABR;2025;PAGO
JSRE11;FII;Dividendos;R$ 4,80;10;R$ 0,48;14/04/2025;ABR;2025;PAGO
XPLG11;FII;Dividendos;R$ 9,02;11;R$ 0,82;14/04/2025;ABR;2025;PAGO
MXRF11;FII;Dividendos;R$ 24,30;270;R$ 0,09;14/04/2025;ABR;2025;PAGO
PSSA3;Ação;Dividendos;R$ 0,12;1;R$ 0,12;10/04/2025;4;2025;PAGO
PSSA3;Ação;JCP;R$ 1,00;1;R$ 1,00;10/04/2025;4;2025;PAGO
RECT11;FII;Dividendos;R$ 3,30;10;R$ 0,33;14/04/2025;ABR;2025;PAGO
BRCR11;FII;Dividendos;R$ 4,50;10;R$ 0,45;14/04/2025;ABR;2025;PAGO
RECR11;FII;Dividendos;R$ 11,50;10;R$ 1,15;14/04/2025;ABR;2025;PAGO
VSLH11;FII;Dividendos;R$ 1,71;56;R$ 0,03;14/04/2025;ABR;2025;PAGO
IRDM11;FII;Dividendos;R$ 10,80;15;R$ 0,72;16/04/2025;ABR;2025;PAGO
VGIR11;FII;Dividendos;R$ 32,00;273;R$ 0,12;17/04/2025;ABR;2025;PAGO
BDIF11;FII-Infra;Dividendos;R$ 14,30;13;R$ 1,10;23/04/2025;ABR;2025;PAGO
ALZR11;FII;Dividendos;R$ 9,78;123;R$ 0,08;25/04/2025;ABR;2025;PAGO
BTLG11;FII;Dividendos;R$ 7,80;10;R$ 0,78;25/04/2025;ABR;2025;PAGO
XPML11;FII;Dividendos;R$ 15,64;18;R$ 0,87;25/04/2025;ABR;2025;PAGO
CNES11;FII;Dividendos;R$ 0,05;10;R$ 0,01;29/04/2025;ABR;2025;PAGO
AURE3;Ação;Dividendos;R$ 0,45;12;R$ 0,04;05/05/2025;5;2025;PAGO
SANB4;Ação;JCP;R$ 10,52;50;R$ 0,21;08/05/2025;5;2025;PAGO
CPLE3;Ação;Dividendos;R$ 0,79;2;R$ 0,40;15/05/2025;5;2025;PAGO
CPLE6;Ação;Dividendos;R$ 33,66;77;R$ 0,44;15/05/2025;5;2025;PAGO
TAEE11;Ação;Dividendos;R$ 29,32;53;R$ 0,55;28/05/2025;5;2025;A PAGAR
KDIF11;FII-Infra;Dividendos;R$ 14,30;11;R$ 1,30;08/05/2025;MAI;2025;PAGO
HSML11;FII;Dividendos;R$ 9,75;15;R$ 0,65;08/05/2025;MAI;2025;PAGO
BODB11;FII-Infra;Dividendos;R$ 30,10;301;R$ 0,10;08/05/2025;MAI;2025;PAGO
KNSC11;FII;Dividendos;R$ 0,77;5;R$ 0,15;14/05/2025;MAI;2025;PAGO
KNCR11;FII;Dividendos;R$ 13,92;12;R$ 1,16;15/05/2025;MAI;2025;PAGO
JURO11;FII-Infra;Dividendos;R$ 10,00;10;R$ 1,00;15/05/2025;MAI;2025;PAGO
JSRE11;FII;Dividendos;R$ 4,80;10;R$ 0,48;15/05/2025;MAI;2025;PAGO
MALL11;FII;Dividendos;R$ 8,50;10;R$ 0,85;15/05/2025;MAI;2025;PAGO
XPLG11;FII;Dividendos;R$ 9,02;11;R$ 0,82;15/05/2025;MAI;2025;PAGO
TVRI11;FII;Dividendos;R$ 10,30;10;R$ 1,03;15/05/2025;MAI;2025;PAGO
HGLG11;FII;Dividendos;R$ 11,00;10;R$ 1,10;15/05/2025;MAI;2025;PAGO
MXRF11;FII;Dividendos;R$ 27,00;270;R$ 0,10;15/05/2025;MAI;2025;PAGO
VINO11;FII;Dividendos;R$ 3,05;61;R$ 0,05;15/05/2025;MAI;2025;PAGO
KNRI11;FII;Dividendos;R$ 10,00;10;R$ 1,00;15/05/2025;MAI;2025;PAGO
CXSE3;Ação;Dividendos;R$ 40,02;126;R$ 0,32;15/05/2025;5;2025;PAGO
SAPR11;Ação;JCP;R$ 7,75;5;R$ 1,55;26/06/2025;6;2025;A PAGAR
VBBR3;Ação;Dividendos;R$ 10,08;20;R$ 0,50;28/11/2025;11;2025;A PAGAR
RECT11;FII;Dividendos;R$ 3,70;10;R$ 0,37;15/05/2025;MAI;2025;PAGO
RECR11;FII;Dividendos;R$ 13,60;10;R$ 1,36;15/05/2025;MAI;2025;PAGO
BRCR11;FII;Dividendos;R$ 4,50;10;R$ 0,45;15/05/2025;MAI;2025;PAGO
VSLH11;FII;Dividendos;R$ 2,16;56;R$ 0,04;15/05/2025;MAI;2025;PAGO
GGBR4;Ação;Dividendos;R$ 5,76;48;R$ 0,12;19/05/2025;5;2025;PAGO
IRDM11;FII;Dividendos;R$ 12,45;15;R$ 0,83;19/05/2025;MAI;2025;PAGO
VGIR11;FII;Dividendos;R$ 32,76;273;R$ 0,12;20/05/2025;MAI;2025;PAGO
BDIF11;FII-Infra;Dividendos;R$ 12,35;13;R$ 0,95;22/05/2025;MAI;2025;A PAGAR
BTLG11;FII;Dividendos;R$ 7,80;10;R$ 0,78;23/05/2025;MAI;2025;A PAGAR
ALZR11;FII;Dividendos;R$ 10,03;123;R$ 0,08;23/05/2025;MAI;2025;A PAGAR
XPML11;FII;Dividendos;R$ 16,56;18;R$ 0,92;23/05/2025;MAI;2025;A PAGAR
